word,score,polarity,abs_score
一口吸尽西江水,-0.5555555555555556,negative,0.5555555555555556
一团和气,0.1111111111111111,positive,0.1111111111111111
一尘不染,0.5555555555555556,positive,0.5555555555555556
一清如水,0.7777777777777778,positive,0.7777777777777778
一潭死水,-0.7777777777777778,negative,0.7777777777777778
一犬吠形，百犬吠声,-0.7777777777777778,negative,0.7777777777777778
一衣带水,0.7777777777777778,positive,0.7777777777777778
一败如水,-0.7777777777777778,negative,0.7777777777777778
一身正气,1.0,positive,1.0
一鼓作气,0.5555555555555556,positive,0.5555555555555556
一鼻孔出气,-0.5555555555555556,negative,0.5555555555555556
下气怡声,-0.1111111111111111,negative,0.1111111111111111
不景气,-0.7777777777777778,negative,0.7777777777777778
不泄气,0.1111111111111111,positive,0.1111111111111111
不露声色,0.3333333333333333,positive,0.3333333333333333
严整,0.5555555555555556,positive,0.5555555555555556
义气,0.5555555555555556,positive,0.5555555555555556
乌烟瘴气,-0.3333333333333333,negative,0.3333333333333333
乐山乐水,0.7777777777777778,positive,0.7777777777777778
习染,-0.7777777777777778,negative,0.7777777777777778
习气,-0.1111111111111111,negative,0.1111111111111111
乳声乳气,-0.5555555555555556,negative,0.5555555555555556
争气,0.5555555555555556,positive,0.5555555555555556
五光十色,0.5555555555555556,positive,0.5555555555555556
五颜六色,0.3333333333333333,positive,0.3333333333333333
亡国之声,-0.7777777777777778,negative,0.7777777777777778
亢心憍气,-0.3333333333333333,negative,0.3333333333333333
产褥感染,-0.7777777777777778,negative,0.7777777777777778
人渣,-1.0,negative,1.0
人物,0.7777777777777778,positive,0.7777777777777778
仙境,0.5555555555555556,positive,0.5555555555555556
仙风道气,0.5555555555555556,positive,0.5555555555555556
令人生气,-0.5555555555555556,negative,0.5555555555555556
以水救水,-0.5555555555555556,negative,0.5555555555555556
以石投水,0.3333333333333333,positive,0.3333333333333333
伟大,0.5555555555555556,positive,0.5555555555555556
伤口,-0.3333333333333333,negative,0.3333333333333333
体罚,-0.5555555555555556,negative,0.5555555555555556
佳境,0.7777777777777778,positive,0.7777777777777778
使心彆气,-0.5555555555555556,negative,0.5555555555555556
使性傍气,-0.5555555555555556,negative,0.5555555555555556
使性摜气,-0.5555555555555556,negative,0.5555555555555556
使性谤气,-0.5555555555555556,negative,0.5555555555555556
侠气,0.5555555555555556,positive,0.5555555555555556
俗气,-0.5555555555555556,negative,0.5555555555555556
保不住,0.5555555555555556,positive,0.5555555555555556
保不定,0.5555555555555556,positive,0.5555555555555556
保不齐,0.5555555555555556,positive,0.5555555555555556
保养,0.7777777777777778,positive,0.7777777777777778
保境息民,0.5555555555555556,positive,0.5555555555555556
保家卫国,0.5555555555555556,positive,0.5555555555555556
保残守缺,-0.7777777777777778,negative,0.7777777777777778
保泰持盈,0.5555555555555556,positive,0.5555555555555556
保盈持泰,0.5555555555555556,positive,0.5555555555555556
保重,0.7777777777777778,positive,0.7777777777777778
保障,0.7777777777777778,positive,0.7777777777777778
信赏必罚,0.7777777777777778,positive,0.7777777777777778
修旧利废,0.5555555555555556,positive,0.5555555555555556
借口,-0.5555555555555556,negative,0.5555555555555556
倦尾赤色,-1.0,negative,1.0
假人辞色,0.5555555555555556,positive,0.5555555555555556
假以辞色,0.3333333333333333,positive,0.3333333333333333
假誉驰声,-0.5555555555555556,negative,0.5555555555555556
偌大,0.3333333333333333,positive,0.3333333333333333
偏废,-0.3333333333333333,negative,0.3333333333333333
偷声细气,-0.7777777777777778,negative,0.7777777777777778
傲气,-0.5555555555555556,negative,0.5555555555555556
傲物,-0.5555555555555556,negative,0.5555555555555556
傻里傻气,-0.5555555555555556,negative,0.5555555555555556
元气,0.5555555555555556,positive,0.5555555555555556
元龙豪气,0.3333333333333333,positive,0.3333333333333333
光大,0.6666666666666666,positive,0.6666666666666666
冰寒于水,0.5555555555555556,positive,0.5555555555555556
冰寒於水,0.5555555555555556,positive,0.5555555555555556
冰清玉洁,0.5555555555555556,positive,0.5555555555555556
凡事预则立，不预则废,0.3333333333333333,positive,0.3333333333333333
凶气,-0.5555555555555556,negative,0.5555555555555556
出色,0.5555555555555556,positive,0.5555555555555556
刚气,0.5555555555555556,positive,0.5555555555555556
勇气,0.5555555555555556,positive,0.5555555555555556
匀整,0.3333333333333333,positive,0.3333333333333333
化境,0.7777777777777778,positive,0.7777777777777778
十光五色,0.5555555555555556,positive,0.5555555555555556
千山万水,-0.7777777777777778,negative,0.7777777777777778
半涂而废,-0.7777777777777778,negative,0.7777777777777778
半途而废,-0.5555555555555556,negative,0.5555555555555556
卑污,-0.7777777777777778,negative,0.7777777777777778
博大,0.5555555555555556,positive,0.5555555555555556
危机,-0.5555555555555556,negative,0.5555555555555556
危殆,-0.7777777777777778,negative,0.7777777777777778
危言正色,0.7777777777777778,positive,0.7777777777777778
双瞳剪水,0.3333333333333333,positive,0.3333333333333333
受气,-0.5555555555555556,negative,0.5555555555555556
受罚,-0.5555555555555556,negative,0.5555555555555556
变色,-0.3333333333333333,negative,0.3333333333333333
口口声声,-0.7777777777777778,negative,0.7777777777777778
口惠,-0.5555555555555556,negative,0.5555555555555556
口舌,-0.3333333333333333,negative,0.3333333333333333
口角,-0.3333333333333333,negative,0.3333333333333333
古香古色,0.3333333333333333,positive,0.3333333333333333
可气,-0.3333333333333333,negative,0.3333333333333333
右军习气,-0.5555555555555556,negative,0.5555555555555556
右军習气,-0.5555555555555556,negative,0.5555555555555556
合口,0.3333333333333333,positive,0.3333333333333333
同声共气,0.7777777777777778,positive,0.7777777777777778
同声同气,1.0,positive,1.0
同流合污,-0.7777777777777778,negative,0.7777777777777778
名气,0.7777777777777778,positive,0.7777777777777778
名物,0.7777777777777778,positive,0.7777777777777778
君子之交淡如水,0.7777777777777778,positive,0.7777777777777778
君子之接如水,0.7777777777777778,positive,0.7777777777777778
吞声忍气,-0.7777777777777778,negative,0.7777777777777778
吞声饮气,-0.7777777777777778,negative,0.7777777777777778
吠形吠声,-0.3333333333333333,negative,0.3333333333333333
吠影吠声,-0.5555555555555556,negative,0.5555555555555556
含垢纳污,-0.7777777777777778,negative,0.7777777777777778
吹大气,-0.7777777777777778,negative,0.7777777777777778
呆气,-0.5555555555555556,negative,0.5555555555555556
和和气气,0.5555555555555556,positive,0.5555555555555556
和容悦色,0.5555555555555556,positive,0.5555555555555556
和气,0.1111111111111111,positive,0.1111111111111111
和颜悦色,0.5555555555555556,positive,0.5555555555555556
和颜说色,0.5555555555555556,positive,0.5555555555555556
和额悦色,0.3333333333333333,positive,0.3333333333333333
咳声叹气,-0.5555555555555556,negative,0.5555555555555556
唉声叹气,-0.5555555555555556,negative,0.5555555555555556
唯唯连声,-0.5555555555555556,negative,0.5555555555555556
啜菽饮水,-0.1111111111111111,negative,0.1111111111111111
喏喏连声,-0.5555555555555556,negative,0.5555555555555556
喜形于色,0.5555555555555556,positive,0.5555555555555556
喜形於色,0.7777777777777778,positive,0.7777777777777778
喜怒不形于色,0.3333333333333333,positive,0.3333333333333333
喜气,0.5555555555555556,positive,0.5555555555555556
喜色,0.5555555555555556,positive,0.5555555555555556
喜见於色,0.7777777777777778,positive,0.7777777777777778
喧噪,-1.0,negative,1.0
嗲声嗲气,-0.3333333333333333,negative,0.3333333333333333
噪嚷,-0.3333333333333333,negative,0.3333333333333333
噪聒,-0.5555555555555556,negative,0.5555555555555556
噪音,-0.3333333333333333,negative,0.3333333333333333
回肠伤气,0.7777777777777778,positive,0.7777777777777778
回肠荡气,0.7777777777777778,positive,0.7777777777777778
回黄转绿,-0.3333333333333333,negative,0.3333333333333333
困境,-0.7777777777777778,negative,0.7777777777777778
固执,-0.5555555555555556,negative,0.5555555555555556
固执己见,-0.5555555555555556,negative,0.5555555555555556
固执已见,-0.5555555555555556,negative,0.5555555555555556
固执成见,-0.5555555555555556,negative,0.5555555555555556
固步自封,-0.5555555555555556,negative,0.5555555555555556
固若金汤,0.5555555555555556,positive,0.5555555555555556
土得掉渣,-1.0,negative,1.0
土气,-0.5555555555555556,negative,0.5555555555555556
土里土气,-0.3333333333333333,negative,0.3333333333333333
地保,-0.5555555555555556,negative,0.5555555555555556
坏水,-0.3333333333333333,negative,0.3333333333333333
坚固,0.3333333333333333,positive,0.3333333333333333
垂危,-0.7777777777777778,negative,0.7777777777777778
增产,0.7777777777777778,positive,0.7777777777777778
声名狼藉,-0.5555555555555556,negative,0.5555555555555556
声名远播,0.7777777777777778,positive,0.7777777777777778
声嘶力竭,-0.5555555555555556,negative,0.5555555555555556
声如洪钟,0.7777777777777778,positive,0.7777777777777778
声威,0.5555555555555556,positive,0.5555555555555556
声应气求,0.7777777777777778,positive,0.7777777777777778
声情并茂,0.7777777777777778,positive,0.7777777777777778
声振寰宇,0.5555555555555556,positive,0.5555555555555556
声振林木,0.7777777777777778,positive,0.7777777777777778
声望,0.5555555555555556,positive,0.5555555555555556
声气相通,-0.5555555555555556,negative,0.5555555555555556
声色俱厉,-0.5555555555555556,negative,0.5555555555555556
声色犬马,-0.7777777777777778,negative,0.7777777777777778
声色狗马,-0.7777777777777778,negative,0.7777777777777778
声色货利,-0.7777777777777778,negative,0.7777777777777778
声色贷利,-0.7777777777777778,negative,0.7777777777777778
声誉,0.5555555555555556,positive,0.5555555555555556
声誉鹊起,0.5555555555555556,positive,0.5555555555555556
声讨,-0.5555555555555556,negative,0.5555555555555556
声震寰宇,1.0,positive,1.0
大儒,0.7777777777777778,positive,0.7777777777777778
大吉,0.5555555555555556,positive,0.5555555555555556
大喜,0.7777777777777778,positive,0.7777777777777778
大器,0.5555555555555556,positive,0.5555555555555556
大士,0.5555555555555556,positive,0.5555555555555556
大好,0.7777777777777778,positive,0.7777777777777778
大寿,0.3333333333333333,positive,0.3333333333333333
大师,0.7777777777777778,positive,0.7777777777777778
大幸,0.5555555555555556,positive,0.5555555555555556
大度,0.5555555555555556,positive,0.5555555555555556
大意,-0.5555555555555556,negative,0.5555555555555556
大才,0.7777777777777778,positive,0.7777777777777778
大捷,0.7777777777777778,positive,0.7777777777777778
大方,0.5555555555555556,positive,0.5555555555555556
大气磅礴,1.0,positive,1.0
大爷,-0.2222222222222222,negative,0.2222222222222222
大礼,0.5555555555555556,positive,0.5555555555555556
大肆,-0.3333333333333333,negative,0.3333333333333333
大胆,-0.3333333333333333,negative,0.3333333333333333
大节,0.5555555555555556,positive,0.5555555555555556
大观,0.5555555555555556,positive,0.5555555555555556
大话,-0.3333333333333333,negative,0.3333333333333333
大道,0.3333333333333333,positive,0.3333333333333333
大雅,0.5555555555555556,positive,0.5555555555555556
大音希声,0.7777777777777778,positive,0.7777777777777778
大骂,-0.5555555555555556,negative,0.5555555555555556
天香国色,1.0,positive,1.0
失口,-0.3333333333333333,negative,0.3333333333333333
失声,-0.7777777777777778,negative,0.7777777777777778
夸口,-0.3333333333333333,negative,0.3333333333333333
奔放,0.5555555555555556,positive,0.5555555555555556
奶声奶气,0.5555555555555556,positive,0.5555555555555556
好色,-0.7777777777777778,negative,0.7777777777777778
如入无人之境,0.3333333333333333,positive,0.3333333333333333
如鱼似水,0.5555555555555556,positive,0.5555555555555556
如鱼得水,1.0,positive,1.0
妖物,-0.5555555555555556,negative,0.5555555555555556
妖里妖气,-0.5555555555555556,negative,0.5555555555555556
姿色,0.5555555555555556,positive,0.5555555555555556
娇气,-0.3333333333333333,negative,0.3333333333333333
宏大,0.7777777777777778,positive,0.7777777777777778
宏放,0.5555555555555556,positive,0.5555555555555556
官气,-0.5555555555555556,negative,0.5555555555555556
室怒市色,-0.5555555555555556,negative,0.5555555555555556
小家子气,-0.5555555555555556,negative,0.5555555555555556
小有名气,0.7777777777777778,positive,0.7777777777777778
小气,-0.7777777777777778,negative,0.7777777777777778
小里小气,-0.5555555555555556,negative,0.5555555555555556
尘埃传染,-0.5555555555555556,negative,0.5555555555555556
尤物,1.0,positive,1.0
屡教不改,-0.7777777777777778,negative,0.7777777777777778
工工整整,0.3333333333333333,positive,0.3333333333333333
工整,0.3333333333333333,positive,0.3333333333333333
巧立名色,-0.7777777777777778,negative,0.7777777777777778
巧言令色,-0.5555555555555556,negative,0.5555555555555556
巩固,-0.7777777777777778,negative,0.7777777777777778
帅气,0.5555555555555556,positive,0.5555555555555556
废书而叹,-0.7777777777777778,negative,0.7777777777777778
废人,-0.5555555555555556,negative,0.5555555555555556
废奢长俭,0.7777777777777778,positive,0.7777777777777778
废寝忘食,0.7777777777777778,positive,0.7777777777777778
废寝忘餐,0.5555555555555556,positive,0.5555555555555556
废旧,-0.1111111111111111,negative,0.1111111111111111
废然,-0.5555555555555556,negative,0.5555555555555556
废私立公,0.5555555555555556,positive,0.5555555555555556
废话,-0.5555555555555556,negative,0.5555555555555556
废话连篇,-0.5555555555555556,negative,0.5555555555555556
强大,0.5555555555555556,positive,0.5555555555555556
心如止水,0.5555555555555556,positive,0.5555555555555556
心花怒放,1.0,positive,1.0
志气,0.7777777777777778,positive,0.7777777777777778
怒形于色,-0.3333333333333333,negative,0.3333333333333333
怡声下气,-0.5555555555555556,negative,0.5555555555555556
怪声怪气,-0.5555555555555556,negative,0.5555555555555556
怪里怪气,-0.7777777777777778,negative,0.7777777777777778
怫然作色,-0.3333333333333333,negative,0.3333333333333333
恩物,0.5555555555555556,positive,0.5555555555555556
恶声,-0.5555555555555556,negative,0.5555555555555556
恶声恶气,-0.5555555555555556,negative,0.5555555555555556
恶尘无染,0.5555555555555556,positive,0.5555555555555556
恶气,-0.1111111111111111,negative,0.1111111111111111
悔改,0.5555555555555556,positive,0.5555555555555556
悬河泻水,0.7777777777777778,positive,0.7777777777777778
情深潭水,0.7777777777777778,positive,0.7777777777777778
惊慌失色,-0.5555555555555556,negative,0.5555555555555556
惩罚,-0.5555555555555556,negative,0.5555555555555556
意境,0.3333333333333333,positive,0.3333333333333333
意气,0.0,neutral,0.0
愤然作色,-0.5555555555555556,negative,0.5555555555555556
愧色,0.7777777777777778,positive,0.7777777777777778
憋气,-0.3333333333333333,negative,0.3333333333333333
憋着一肚子气,-0.7777777777777778,negative,0.7777777777777778
懈气,-0.5555555555555556,negative,0.5555555555555556
才气,0.5555555555555556,positive,0.5555555555555556
打气,0.5555555555555556,positive,0.5555555555555556
扬眉吐气,0.5555555555555556,positive,0.5555555555555556
承颜候色,-0.5555555555555556,negative,0.5555555555555556
报废,-0.7777777777777778,negative,0.7777777777777778
抵排,-0.5555555555555556,negative,0.5555555555555556
拆烂污,-0.1111111111111111,negative,0.1111111111111111
拖人下水,-0.5555555555555556,negative,0.5555555555555556
拖泥带水,-0.5555555555555556,negative,0.5555555555555556
拿大,-0.5555555555555556,negative,0.5555555555555556
排列整齐,0.3333333333333333,positive,0.3333333333333333
排场,-0.3333333333333333,negative,0.3333333333333333
排山倒海,0.5555555555555556,positive,0.5555555555555556
排挤,-0.5555555555555556,negative,0.5555555555555556
排斥异己,-0.7777777777777778,negative,0.7777777777777778
掞藻飞声,0.8888888888888888,positive,0.8888888888888888
掷地有声,0.5555555555555556,positive,0.5555555555555556
掷地赋声,0.5555555555555556,positive,0.5555555555555556
掷地金声,0.5555555555555556,positive,0.5555555555555556
撒气,-0.3333333333333333,negative,0.3333333333333333
改天换地,0.5555555555555556,positive,0.5555555555555556
改弦更张,0.3333333333333333,positive,0.3333333333333333
改往修来,0.7777777777777778,positive,0.7777777777777778
改恶为善,0.5555555555555556,positive,0.5555555555555556
改恶从善,0.5555555555555556,positive,0.5555555555555556
改柯易叶,0.5555555555555556,positive,0.5555555555555556
改窜,-0.7777777777777778,negative,0.7777777777777778
改行为善,0.5555555555555556,positive,0.5555555555555556
改行从善,0.7777777777777778,positive,0.7777777777777778
改行自新,0.7777777777777778,positive,0.7777777777777778
改观,0.3333333333333333,positive,0.3333333333333333
改过,0.3333333333333333,positive,0.3333333333333333
改过自新,0.5555555555555556,positive,0.5555555555555556
改过迁善,0.5555555555555556,positive,0.5555555555555556
改邪归正,0.5555555555555556,positive,0.5555555555555556
改革,0.3333333333333333,positive,0.3333333333333333
放下屠刀，立地成佛,0.5555555555555556,positive,0.5555555555555556
放之四海而皆准,1.0,positive,1.0
放任,-0.3333333333333333,negative,0.3333333333333333
放任自流,-0.5555555555555556,negative,0.5555555555555556
放僻淫佚,-0.7777777777777778,negative,0.7777777777777778
放僻邪侈,-0.7777777777777778,negative,0.7777777777777778
放刁,-0.5555555555555556,negative,0.5555555555555556
放刁把滥,-0.5555555555555556,negative,0.5555555555555556
放刁撒泼,-0.5555555555555556,negative,0.5555555555555556
放心,0.7777777777777778,positive,0.7777777777777778
放怀,0.5555555555555556,positive,0.5555555555555556
放恣,-0.5555555555555556,negative,0.5555555555555556
放情,0.5555555555555556,positive,0.5555555555555556
放歌纵酒,0.5555555555555556,positive,0.5555555555555556
放毒,-0.5555555555555556,negative,0.5555555555555556
放泼撒豪,-0.5555555555555556,negative,0.5555555555555556
放浪,-0.5555555555555556,negative,0.5555555555555556
放浪形骸,-0.5555555555555556,negative,0.5555555555555556
放浪江湖,-0.3333333333333333,negative,0.3333333333333333
放火,-0.5555555555555556,negative,0.5555555555555556
放纵,-0.5555555555555556,negative,0.5555555555555556
放肆,-0.3333333333333333,negative,0.3333333333333333
放荡,-0.5555555555555556,negative,0.5555555555555556
放荡不羁,-1.0,negative,1.0
放虎归山,-0.5555555555555556,negative,0.5555555555555556
放虎自卫,-0.7777777777777778,negative,0.7777777777777778
放诞,-1.0,negative,1.0
放诞风流,-0.5555555555555556,negative,0.5555555555555556
放辟淫侈,-0.7777777777777778,negative,0.7777777777777778
放辟邪侈,-1.0,negative,1.0
放达不羁,0.5555555555555556,positive,0.5555555555555556
放饭流歠,-1.0,negative,1.0
救危排险,0.5555555555555556,positive,0.5555555555555556
敛声屏气,0.7777777777777778,positive,0.7777777777777778
整冠纳履,-0.3333333333333333,negative,0.3333333333333333
整整齐齐,0.3333333333333333,positive,0.3333333333333333
整本大套,0.5555555555555556,positive,0.5555555555555556
整洁,0.5555555555555556,positive,0.5555555555555556
整饬,0.3333333333333333,positive,0.3333333333333333
整齐划一,1.0,positive,1.0
文气,0.5555555555555556,positive,0.5555555555555556
斗气,-0.3333333333333333,negative,0.3333333333333333
方巾气,-0.3333333333333333,negative,0.3333333333333333
施绯拖绿,-0.5555555555555556,negative,0.5555555555555556
无人之境,-0.7777777777777778,negative,0.7777777777777778
无根之木，无源之水,-0.5555555555555556,negative,0.5555555555555556
无污染,1.0,positive,1.0
无特色,-0.3333333333333333,negative,0.3333333333333333
明公正气,0.6666666666666666,positive,0.6666666666666666
显山露水,0.5555555555555556,positive,0.5555555555555556
晦气,-0.3333333333333333,negative,0.3333333333333333
景气,0.3333333333333333,positive,0.3333333333333333
暮气,-0.3333333333333333,negative,0.3333333333333333
有勇气,1.0,positive,1.0
有名气,1.0,positive,1.0
有声无气,-0.5555555555555556,negative,0.5555555555555556
有声有色,0.5555555555555556,positive,0.5555555555555556
有声没气,-0.5555555555555556,negative,0.5555555555555556
有朝气,1.0,positive,1.0
有生气,0.3333333333333333,positive,0.3333333333333333
有福气,1.0,positive,1.0
有血气,1.0,positive,1.0
望尘僄声,-0.7777777777777778,negative,0.7777777777777778
朝令夕改,-0.7777777777777778,negative,0.7777777777777778
朝更暮改,-0.7777777777777778,negative,0.7777777777777778
朝气,0.5555555555555556,positive,0.5555555555555556
朝过夕改,0.5555555555555556,positive,0.5555555555555556
朝闻夕改,0.5555555555555556,positive,0.5555555555555556
本色,0.5555555555555556,positive,0.5555555555555556
杀气,-1.0,negative,1.0
村气,-0.5555555555555556,negative,0.5555555555555556
林下风气,0.3333333333333333,positive,0.3333333333333333
染指垂涎,-0.5555555555555556,negative,0.5555555555555556
染缸,-0.3333333333333333,negative,0.3333333333333333
柔情似水,0.5555555555555556,positive,0.5555555555555556
标兵,0.5555555555555556,positive,0.5555555555555556
标准化,0.5555555555555556,positive,0.5555555555555556
标新创异,0.5555555555555556,positive,0.5555555555555556
标新竖异,0.5555555555555556,positive,0.5555555555555556
标新竞异,0.5555555555555556,positive,0.5555555555555556
标新领异,0.5555555555555556,positive,0.5555555555555556
标榜,-0.5555555555555556,negative,0.5555555555555556
标致,0.5555555555555556,positive,0.5555555555555556
根深本固,0.7777777777777778,positive,0.7777777777777778
根深蒂固,-0.3333333333333333,negative,0.3333333333333333
桃红柳绿,0.5555555555555556,positive,0.5555555555555556
桃色,-0.5555555555555556,negative,0.5555555555555556
桃花潭水,0.7777777777777778,positive,0.7777777777777778
横眉吐气,0.7777777777777778,positive,0.7777777777777778
欢声,0.5555555555555556,positive,0.5555555555555556
款学寡闻,-0.5555555555555556,negative,0.5555555555555556
款曲,0.7777777777777778,positive,0.7777777777777778
款款深深,1.0,positive,1.0
款留,0.5555555555555556,positive,0.5555555555555556
正大,0.5555555555555556,positive,0.5555555555555556
正正气气,0.5555555555555556,positive,0.5555555555555556
正气,0.5555555555555556,positive,0.5555555555555556
正言厉色,0.7777777777777778,positive,0.7777777777777778
歪风邪气,-0.7777777777777778,negative,0.7777777777777778
死声咷气,-0.5555555555555556,negative,0.5555555555555556
死声活气,-0.5555555555555556,negative,0.5555555555555556
死声淘气,-0.5555555555555556,negative,0.5555555555555556
死样活气,-0.5555555555555556,negative,0.5555555555555556
死顽固,-0.5555555555555556,negative,0.5555555555555556
残废,-0.7777777777777778,negative,0.7777777777777778
毒物,-1.0,negative,1.0
毫不客气,-0.5555555555555556,negative,0.5555555555555556
气义相投,0.5555555555555556,positive,0.5555555555555556
气候,0.3333333333333333,positive,0.3333333333333333
气充志骄,-0.7777777777777778,negative,0.7777777777777778
气冲斗牛,-0.7777777777777778,negative,0.7777777777777778
气冲霄汉,0.7777777777777778,positive,0.7777777777777778
气决泉达,0.5555555555555556,positive,0.5555555555555556
气势,0.1111111111111111,positive,0.1111111111111111
气势汹汹,-0.5555555555555556,negative,0.5555555555555556
气势磅礴,1.0,positive,1.0
气压山河,0.7777777777777778,positive,0.7777777777777778
气吞宇宙,0.7777777777777778,positive,0.7777777777777778
气吞山河,0.7777777777777778,positive,0.7777777777777778
气吞湖海,0.5555555555555556,positive,0.5555555555555556
气吞虹蜺,0.5555555555555556,positive,0.5555555555555556
气味,-0.5555555555555556,negative,0.5555555555555556
气味相投,0.3333333333333333,positive,0.3333333333333333
气壮如牛,0.3333333333333333,positive,0.3333333333333333
气壮山河,0.7777777777777778,positive,0.7777777777777778
气壮河山,0.7777777777777778,positive,0.7777777777777778
气宇,0.6666666666666666,positive,0.6666666666666666
气宇轩昂,0.7777777777777778,positive,0.7777777777777778
气度,0.3333333333333333,positive,0.3333333333333333
气度不凡,0.7777777777777778,positive,0.7777777777777778
气度恢宏,1.0,positive,1.0
气忍声吞,-0.5555555555555556,negative,0.5555555555555556
气急败丧,-0.7777777777777778,negative,0.7777777777777778
气急败坏,-1.0,negative,1.0
气断声吞,-1.0,negative,1.0
气昂昂,0.1111111111111111,positive,0.1111111111111111
气概,0.5555555555555556,positive,0.5555555555555556
气概不凡,1.0,positive,1.0
气派,0.7777777777777778,positive,0.7777777777777778
气消胆夺,-1.0,negative,1.0
气满志得,0.7777777777777778,positive,0.7777777777777778
气满志骄,0.7777777777777778,positive,0.7777777777777778
气焰,-0.6666666666666667,negative,0.6666666666666667
气焰熏天,-1.0,negative,1.0
气短,-0.3333333333333333,negative,0.3333333333333333
气节,0.5555555555555556,positive,0.5555555555555556
气血方刚,0.5555555555555556,positive,0.5555555555555556
气谊相投,0.5555555555555556,positive,0.5555555555555556
气象万千,0.7777777777777778,positive,0.7777777777777778
气质,0.5555555555555556,positive,0.5555555555555556
气贯长虹,0.7777777777777778,positive,0.7777777777777778
气逾霄汉,1.0,positive,1.0
气量,0.5555555555555556,positive,0.5555555555555556
气韵,0.5555555555555556,positive,0.5555555555555556
气骄志满,0.7777777777777778,positive,0.7777777777777778
气魄,0.7777777777777778,positive,0.7777777777777778
水中捉月,-0.5555555555555556,negative,0.5555555555555556
水中捞月,-0.5555555555555556,negative,0.5555555555555556
水佩风裳,0.5555555555555556,positive,0.5555555555555556
水光山色,0.5555555555555556,positive,0.5555555555555556
水到渠成,0.7777777777777778,positive,0.7777777777777778
水到鱼行,0.5555555555555556,positive,0.5555555555555556
水天一色,0.5555555555555556,positive,0.5555555555555556
水尽山穷,0.5555555555555556,positive,0.5555555555555556
水底捞月,-0.5555555555555556,negative,0.5555555555555556
水底捞针,-0.5555555555555556,negative,0.5555555555555556
水底摸月,-0.5555555555555556,negative,0.5555555555555556
水性杨花,-0.7777777777777778,negative,0.7777777777777778
水明山秀,0.5555555555555556,positive,0.5555555555555556
水月观音,0.5555555555555556,positive,0.5555555555555556
水木明瑟,0.7777777777777778,positive,0.7777777777777778
水木清华,0.7777777777777778,positive,0.7777777777777778
水来土掩,0.5555555555555556,positive,0.5555555555555556
水汪汪,0.3333333333333333,positive,0.3333333333333333
水泄不通,-1.0,negative,1.0
水涨船高,0.5555555555555556,positive,0.5555555555555556
水滴石穿,1.0,positive,1.0
水火不相容,-1.0,negative,1.0
水火不辞,0.7777777777777778,positive,0.7777777777777778
水火不避,0.5555555555555556,positive,0.5555555555555556
水火兵虫,-0.7777777777777778,negative,0.7777777777777778
水火相济，盐梅相成,0.5555555555555556,positive,0.5555555555555556
水灵灵,0.5555555555555556,positive,0.5555555555555556
水碧山绿,0.5555555555555556,positive,0.5555555555555556
水秀山明,0.5555555555555556,positive,0.5555555555555556
水米无交,0.7777777777777778,positive,0.7777777777777778
水至清则无鱼,-0.1111111111111111,negative,0.1111111111111111
水色山光,0.7777777777777778,positive,0.7777777777777778
水落石出,0.7777777777777778,positive,0.7777777777777778
水长船高,0.5555555555555556,positive,0.5555555555555556
污七八糟,-1.0,negative,1.0
污手垢面,-0.5555555555555556,negative,0.5555555555555556
污染,-0.5555555555555556,negative,0.5555555555555556
污毒,-0.5555555555555556,negative,0.5555555555555556
污泥浊水,-0.7777777777777778,negative,0.7777777777777778
污浊,-0.3333333333333333,negative,0.3333333333333333
污点,-0.5555555555555556,negative,0.5555555555555556
污秽,-0.7777777777777778,negative,0.7777777777777778
沆瀣一气,-0.7777777777777778,negative,0.7777777777777778
沉渣,-0.5555555555555556,negative,0.5555555555555556
没好气,-0.5555555555555556,negative,0.5555555555555556
没有勇气,-0.1111111111111111,negative,0.1111111111111111
河水不犯井水,-0.5555555555555556,negative,0.5555555555555556
油水,-0.3333333333333333,negative,0.3333333333333333
沾染,-0.3333333333333333,negative,0.3333333333333333
沾泥带水,-0.3333333333333333,negative,0.3333333333333333
活气,0.5555555555555556,positive,0.5555555555555556
流气,-0.5555555555555556,negative,0.5555555555555556
流里流气,-0.7777777777777778,negative,0.7777777777777778
浩大,0.3333333333333333,positive,0.3333333333333333
浩气,0.5555555555555556,positive,0.5555555555555556
浩然之气,0.7777777777777778,positive,0.7777777777777778
涸鱼得水,0.5555555555555556,positive,0.5555555555555556
清丽,0.5555555555555556,positive,0.5555555555555556
清亮,0.3333333333333333,positive,0.3333333333333333
清俊,0.5555555555555556,positive,0.5555555555555556
清健,0.5555555555555556,positive,0.5555555555555556
清冽,0.3333333333333333,positive,0.3333333333333333
清切,0.3333333333333333,positive,0.3333333333333333
清婉,0.3333333333333333,positive,0.3333333333333333
清官,0.5555555555555556,positive,0.5555555555555556
清廉,0.5555555555555556,positive,0.5555555555555556
清彻,0.5555555555555556,positive,0.5555555555555556
清心,0.5555555555555556,positive,0.5555555555555556
清扬,0.5555555555555556,positive,0.5555555555555556
清拔,0.3333333333333333,positive,0.3333333333333333
清新,0.3333333333333333,positive,0.3333333333333333
清明,0.5555555555555556,positive,0.5555555555555556
清朗,0.5555555555555556,positive,0.5555555555555556
清正,0.5555555555555556,positive,0.5555555555555556
清正廉洁,0.5555555555555556,positive,0.5555555555555556
清洌,0.3333333333333333,positive,0.3333333333333333
清流,0.3333333333333333,positive,0.3333333333333333
清湛,0.5555555555555556,positive,0.5555555555555556
清澈,0.3333333333333333,positive,0.3333333333333333
清爽,0.7777777777777778,positive,0.7777777777777778
清碧,0.3333333333333333,positive,0.3333333333333333
清秀,0.5555555555555556,positive,0.5555555555555556
清算,-0.3333333333333333,negative,0.3333333333333333
清纯,0.5555555555555556,positive,0.5555555555555556
清脆,0.3333333333333333,positive,0.3333333333333333
清芬,0.3333333333333333,positive,0.3333333333333333
清莹,0.5555555555555556,positive,0.5555555555555556
清贵,0.5555555555555556,positive,0.5555555555555556
清越,0.5555555555555556,positive,0.5555555555555556
清通,0.3333333333333333,positive,0.3333333333333333
清逸,0.5555555555555556,positive,0.5555555555555556
清醇,0.3333333333333333,positive,0.3333333333333333
清雅,0.5555555555555556,positive,0.5555555555555556
清静,0.3333333333333333,positive,0.3333333333333333
清馨,0.3333333333333333,positive,0.3333333333333333
清高,0.5555555555555556,positive,0.5555555555555556
清鲜,0.3333333333333333,positive,0.3333333333333333
渐入佳境,0.5555555555555556,positive,0.5555555555555556
渐至佳境,0.5555555555555556,positive,0.5555555555555556
渣滓,-0.5555555555555556,negative,0.5555555555555556
滚瓜流水,0.5555555555555556,positive,0.5555555555555556
满脸春色,0.7777777777777778,positive,0.7777777777777778
漫无目标,-0.5555555555555556,negative,0.5555555555555556
澄清,0.3333333333333333,positive,0.3333333333333333
濒危,-0.7777777777777778,negative,0.7777777777777778
灭口,-0.5555555555555556,negative,0.5555555555555556
灯红酒绿,-0.5555555555555556,negative,0.5555555555555556
烂污,-0.7777777777777778,negative,0.7777777777777778
煞气,-0.3333333333333333,negative,0.3333333333333333
燕语莺声,0.5555555555555556,positive,0.5555555555555556
爽气,0.5555555555555556,positive,0.5555555555555556
牛气,0.5555555555555556,positive,0.5555555555555556
牢固,0.3333333333333333,positive,0.3333333333333333
特产,0.3333333333333333,positive,0.3333333333333333
狂气,-0.5555555555555556,negative,0.5555555555555556
狐鸣枭噪,-0.7777777777777778,negative,0.7777777777777778
独具特色,0.7777777777777778,positive,0.7777777777777778
玉振金声,0.7777777777777778,positive,0.7777777777777778
玉液,0.5555555555555556,positive,0.5555555555555556
玉清冰洁,0.7777777777777778,positive,0.7777777777777778
环堵萧然,-0.3333333333333333,negative,0.3333333333333333
环肥蕉痪,0.7777777777777778,positive,0.7777777777777778
珠光宝气,0.5555555555555556,positive,0.5555555555555556
琼浆玉液,0.5555555555555556,positive,0.5555555555555556
瑞气,0.5555555555555556,positive,0.5555555555555556
瓮声甕气,-0.7777777777777778,negative,0.7777777777777778
生气,-0.5555555555555556,negative,0.5555555555555556
生色,0.3333333333333333,positive,0.3333333333333333
生闲气,-0.3333333333333333,negative,0.3333333333333333
画无人色,-1.0,negative,1.0
疏放,-0.5555555555555556,negative,0.5555555555555556
百花齐放,0.5555555555555556,positive,0.5555555555555556
盛产,0.5555555555555556,positive,0.5555555555555556
盛大,0.5555555555555556,positive,0.5555555555555556
目迷五色,-0.3333333333333333,negative,0.3333333333333333
盱衡厉色,-1.0,negative,1.0
直节劲气,0.5555555555555556,positive,0.5555555555555556
直言正色,0.5555555555555556,positive,0.5555555555555556
相形失色,-0.3333333333333333,negative,0.3333333333333333
矜才使气,-0.5555555555555556,negative,0.5555555555555556
矢口,-0.5555555555555556,negative,0.5555555555555556
短气,-0.1111111111111111,negative,0.1111111111111111
砌红堆绿,0.5555555555555556,positive,0.5555555555555556
破产,-0.3333333333333333,negative,0.3333333333333333
硬气,0.5555555555555556,positive,0.5555555555555556
碧绿,0.3333333333333333,positive,0.3333333333333333
神气,0.5555555555555556,positive,0.5555555555555556
神物,0.5555555555555556,positive,0.5555555555555556
祸水,-0.7777777777777778,negative,0.7777777777777778
秀气,0.7777777777777778,positive,0.7777777777777778
秀色,0.3333333333333333,positive,0.3333333333333333
租心浮气,-0.3333333333333333,negative,0.3333333333333333
称大,-0.3333333333333333,negative,0.3333333333333333
秽气,-0.5555555555555556,negative,0.5555555555555556
穷山恶水,-0.7777777777777778,negative,0.7777777777777778
窜改,-0.3333333333333333,negative,0.3333333333333333
窝囊废,-0.7777777777777778,negative,0.7777777777777778
竹篮子打水,-1.0,negative,1.0
竹篮打水,-1.0,negative,1.0
篡改,-0.5555555555555556,negative,0.5555555555555556
糟改,-0.7777777777777778,negative,0.7777777777777778
纤尘不染,0.5555555555555556,positive,0.5555555555555556
纷红骇绿,0.5555555555555556,positive,0.5555555555555556
绘声绘色,0.7777777777777778,positive,0.7777777777777778
绘影绘声,0.3333333333333333,positive,0.3333333333333333
绘影绘色,0.5555555555555556,positive,0.5555555555555556
绝色,0.7777777777777778,positive,0.7777777777777778
绿水青山,0.7777777777777778,positive,0.7777777777777778
罚不当罪,-0.3333333333333333,negative,0.3333333333333333
美气,0.4444444444444444,positive,0.4444444444444444
老顽固,-0.5555555555555556,negative,0.5555555555555556
胆气,0.5555555555555556,positive,0.5555555555555556
背气,-0.3333333333333333,negative,0.3333333333333333
胜境,0.5555555555555556,positive,0.5555555555555556
脏污,-0.5555555555555556,negative,0.5555555555555556
脸无人色,-0.7777777777777778,negative,0.7777777777777778
脾气,-0.5555555555555556,negative,0.5555555555555556
臊气,-0.5555555555555556,negative,0.5555555555555556
臣门如市，臣心如水,0.7777777777777778,positive,0.7777777777777778
自大,-0.7777777777777778,negative,0.7777777777777778
色厉内荏,-0.3333333333333333,negative,0.3333333333333333
色情,-0.5555555555555556,negative,0.5555555555555556
色授魂与,0.7777777777777778,positive,0.7777777777777778
色迷迷,-1.0,negative,1.0
花红柳绿,0.5555555555555556,positive,0.5555555555555556
花花绿绿,0.5555555555555556,positive,0.5555555555555556
苍绿,0.3333333333333333,positive,0.3333333333333333
苏气,0.1111111111111111,positive,0.1111111111111111
苦境,0.7777777777777778,positive,0.7777777777777778
英气,0.5555555555555556,positive,0.5555555555555556
荒废,-0.5555555555555556,negative,0.5555555555555556
落花流水,-0.3333333333333333,negative,0.3333333333333333
葱绿,0.3333333333333333,positive,0.3333333333333333
蔚成风气,0.5555555555555556,positive,0.5555555555555556
藏垢纳污,-0.7777777777777778,negative,0.7777777777777778
虎虎生气,0.7777777777777778,positive,0.7777777777777778
虚骄恃气,-0.7777777777777778,negative,0.7777777777777778
蛟龙得水,1.0,positive,1.0
蜂目豺声,0.7777777777777778,positive,0.7777777777777778
蜚声,0.7777777777777778,positive,0.7777777777777778
蜻蜓点水,-0.3333333333333333,negative,0.3333333333333333
血口,-0.5555555555555556,negative,0.5555555555555556
行云流水,1.0,positive,1.0
衣衫不整,-1.0,negative,1.0
观于海者难为水,0.5555555555555556,positive,0.5555555555555556
规整,0.5555555555555556,positive,0.5555555555555556
视丹如绿,-0.7777777777777778,negative,0.7777777777777778
解放,0.7777777777777778,positive,0.7777777777777778
说白道绿,-0.5555555555555556,negative,0.5555555555555556
诺诺连声,-0.3333333333333333,negative,0.3333333333333333
谄词令色,-0.5555555555555556,negative,0.5555555555555556
豪放,0.5555555555555556,positive,0.5555555555555556
豪气,0.7777777777777778,positive,0.7777777777777778
负才任气,-0.7777777777777778,negative,0.7777777777777778
负才使气,-0.7777777777777778,negative,0.7777777777777778
负材任气,-0.7777777777777778,negative,0.7777777777777778
负气,-0.1111111111111111,negative,0.1111111111111111
负重吞污,0.7777777777777778,positive,0.7777777777777778
责罚,-0.5555555555555556,negative,0.5555555555555556
贤贤易色,0.7777777777777778,positive,0.7777777777777778
货色,-0.5555555555555556,negative,0.5555555555555556
贪声逐色,-0.7777777777777778,negative,0.7777777777777778
贪污,-0.7777777777777778,negative,0.7777777777777778
贪色,-0.3333333333333333,negative,0.3333333333333333
贪财好色,-0.7777777777777778,negative,0.7777777777777778
贪财恋色,-0.7777777777777778,negative,0.7777777777777778
贫气,-0.3333333333333333,negative,0.3333333333333333
赃款,-0.7777777777777778,negative,0.7777777777777778
赃物,-0.7777777777777778,negative,0.7777777777777778
赌气,-0.5555555555555556,negative,0.5555555555555556
起色,0.3333333333333333,positive,0.3333333333333333
超人,0.3333333333333333,positive,0.3333333333333333
超伦,0.5555555555555556,positive,0.5555555555555556
超俗,0.7777777777777778,positive,0.7777777777777778
超凡,0.5555555555555556,positive,0.5555555555555556
超凡入圣,1.0,positive,1.0
超凡脱俗,0.7777777777777778,positive,0.7777777777777778
超前,0.3333333333333333,positive,0.3333333333333333
超卓,0.7777777777777778,positive,0.7777777777777778
超员,-0.5555555555555556,negative,0.5555555555555556
超尘拔俗,1.0,positive,1.0
超巨星,1.0,positive,1.0
超度,0.5555555555555556,positive,0.5555555555555556
超拔,0.7777777777777778,positive,0.7777777777777778
超擢,0.5555555555555556,positive,0.5555555555555556
超支,-0.5555555555555556,negative,0.5555555555555556
超然物外,1.0,positive,1.0
超生,-0.5555555555555556,negative,0.5555555555555556
超等,0.7777777777777778,positive,0.7777777777777778
超级大国,0.5555555555555556,positive,0.5555555555555556
超经济剥削,-0.5555555555555556,negative,0.5555555555555556
超绝,0.7777777777777778,positive,0.7777777777777778
超绝尘寰,1.0,positive,1.0
超群,1.0,positive,1.0
超群绝伦,1.0,positive,1.0
超脱,0.7777777777777778,positive,0.7777777777777778
超赞,1.0,positive,1.0
超超率著,0.8888888888888888,positive,0.8888888888888888
超轶绝尘,0.7777777777777778,positive,0.7777777777777778
超载,-0.5555555555555556,negative,0.5555555555555556
超迈,0.5555555555555556,positive,0.5555555555555556
超逸,0.7777777777777778,positive,0.7777777777777778
超重,-0.5555555555555556,negative,0.5555555555555556
超额利润,0.7777777777777778,positive,0.7777777777777778
越境,-0.5555555555555556,negative,0.5555555555555556
足色,0.5555555555555556,positive,0.5555555555555556
轻死重气,0.5555555555555556,positive,0.5555555555555556
迂气,-0.5555555555555556,negative,0.5555555555555556
过气,-0.5555555555555556,negative,0.5555555555555556
运气,0.7777777777777778,positive,0.7777777777777778
远大,0.5555555555555556,positive,0.5555555555555556
连枝同气,0.7777777777777778,positive,0.7777777777777778
适口,0.3333333333333333,positive,0.3333333333333333
逆产,-0.3333333333333333,negative,0.3333333333333333
逊色,-0.3333333333333333,negative,0.3333333333333333
逐影吠声,-0.7777777777777778,negative,0.7777777777777778
郁气,-0.5555555555555556,negative,0.5555555555555556
酒色财气,-0.5555555555555556,negative,0.5555555555555556
金口,0.5555555555555556,positive,0.5555555555555556
金声玉色,0.5555555555555556,positive,0.5555555555555556
金波玉液,0.5555555555555556,positive,0.5555555555555556
金浆玉液,0.5555555555555556,positive,0.5555555555555556
鉴貌辨色,-0.3333333333333333,negative,0.3333333333333333
钟鼓之色,0.5555555555555556,positive,0.5555555555555556
锐气,0.5555555555555556,positive,0.5555555555555556
错认颜标,-0.5555555555555556,negative,0.5555555555555556
锦标,0.3333333333333333,positive,0.3333333333333333
闭气,-0.5555555555555556,negative,0.5555555555555556
阔气,-0.1111111111111111,negative,0.1111111111111111
阴阳怪气,-1.0,negative,1.0
附影附声,-0.7777777777777778,negative,0.7777777777777778
降心下气,0.5555555555555556,positive,0.5555555555555556
雄大,0.3333333333333333,positive,0.3333333333333333
雅气,0.5555555555555556,positive,0.5555555555555556
霜凋夏绿,-0.5555555555555556,negative,0.5555555555555556
露红烟绿,0.5555555555555556,positive,0.5555555555555556
霸气,-0.3333333333333333,negative,0.3333333333333333
青山绿水,0.7777777777777778,positive,0.7777777777777778
静言令色,-0.5555555555555556,negative,0.5555555555555556
靡靡之声,-0.3333333333333333,negative,0.3333333333333333
面不改色,0.3333333333333333,positive,0.3333333333333333
面无愧色,0.5555555555555556,positive,0.5555555555555556
面有难色,-1.0,negative,1.0
顺口,-0.3333333333333333,negative,0.3333333333333333
顽固,-0.3333333333333333,negative,0.3333333333333333
颓放,-0.5555555555555556,negative,0.5555555555555556
风雨不改,0.5555555555555556,positive,0.5555555555555556
食品污染,-0.5555555555555556,negative,0.5555555555555556
饭蔬饮水,0.5555555555555556,positive,0.5555555555555556
饮恨吞声,-0.3333333333333333,negative,0.3333333333333333
骄气,-0.5555555555555556,negative,0.5555555555555556
骇然失色,-1.0,negative,1.0
骨气,0.3333333333333333,positive,0.3333333333333333
高山流水,0.5555555555555556,positive,0.5555555555555556
高超,0.7777777777777778,positive,0.7777777777777778
鬼物,-0.5555555555555556,negative,0.5555555555555556
鲜绿,0.5555555555555556,positive,0.5555555555555556
鹤唳风声,-0.7777777777777778,negative,0.7777777777777778
黄色,-0.7777777777777778,negative,0.7777777777777778
黄雀衔环,0.7777777777777778,positive,0.7777777777777778
黯然失色,-0.5555555555555556,negative,0.5555555555555556
齐整,0.3333333333333333,positive,0.3333333333333333
